"","ActivityTime","y"
"1","",-4.91799779511235
"2","Both",-4.91513521438875
"3","Nocturnal",-4.92328697220572
