"","ActivityTime","y"
"1","",-6.16754524063487
"2","Both",-6.16625984695774
"3","Nocturnal",-6.16979196685743
