"","ActivityTime","y"
"1","",-5.40722341863358
"2","Both",-5.40722341863358
"3","Nocturnal",-5.40722341863358
