"","ActivityTime","y"
"1","",-5.74934159526138
"2","Both",-5.7433378520203
"3","Nocturnal",-5.75614692419862
