"","ActivityTime","y"
"1","",-6.38321896267266
"2","Both",-6.38591969147459
"3","Nocturnal",-6.38798532191738
