"","ActivityTime","y"
"1","",-4.66700959407901
"2","Both",-4.66533878503746
"3","Nocturnal",-4.67001656090381
