"","ActivityTime","y"
"1","",-6.85617636516027
"2","Both",-6.85616563694483
"3","Nocturnal",-6.85597371896545
