"","ActivityTime","y"
"1","",-5.05124507772027
"2","Both",-5.04352124218747
"3","Nocturnal",-5.05431404152787
