"","ActivityTime","y"
"1","",-6.6209478090655
"2","Both",-6.66273589115972
"3","Nocturnal",-6.66273589115972
