"","ActivityTime","y"
"1","",-4.6879598808256
"2","Both",-4.67386036380733
"3","Nocturnal",-4.69107471982572
