"","ForStrategy","y"
"1","",-6.3784896501545
"2","Aerial",-6.39027333999884
"3","Arborial",-6.37639255033292
"4","Ground",-6.39389697407131
