"","ForStrategy","y"
"1","",-6.85764491327455
"2","Aerial",-6.85544260974451
"3","Aquatic",-6.85697590632692
"4","Arborial",-6.85791414666322
"5","Ground",-6.8545932969103
