"","ForStrategy","y"
"1","",-4.92272822390258
"2","Aerial",-4.92604769619808
"3","Aquatic",-4.93899801914715
"4","Arborial",-4.91959447282026
"5","Ground",-4.92011128680397
