"","ForStrategy","y"
"1","",-6.5057800917302
"2","Aerial",-6.51341705749245
"3","Aquatic",-6.61675765211984
"4","Arborial",-6.64152564379354
"5","Ground",-6.68416637636964
