"","ForStrategy","y"
"1","",-5.7388706561481
"2","Aerial",-5.73131440317406
"3","Aquatic",-5.75293027319514
"4","Arborial",-5.7441186120348
"5","Ground",-5.75281360988335
