"","ForStrategy","y"
"1","",-4.68858994578338
"2","Aerial",-4.65636666807
"3","Aquatic",-4.70995098131337
"4","Arborial",-4.68606251019067
"5","Ground",-4.68182054211969
