"","ForStrategy","y"
"1","",-4.66654797482335
"2","Aerial",-4.66930473539234
"3","Aquatic",-4.68967290246744
"4","Arborial",-4.66595711662489
"5","Ground",-4.66547033567403
