"","ForStrategy","y"
"1","",-5.05353635114934
"2","Aerial",-5.05055982752396
"3","Aquatic",-5.06518340257185
"4","Arborial",-5.05278794743133
"5","Ground",-5.0485364305261
