"","ForStrategy","y"
"1","",-6.16865285481508
"2","Arborial",-6.15287286474238
"3","Ground",-6.17226994668958
