"","ForStrategy","y"
"1","",-5.40888803175969
"2","Aerial",-5.41221415767665
"3","Arborial",-5.39763132179812
"4","Ground",-5.39952814302881
