"","LandUse_collapsed","y"
"1","Agriculture",-6.16703027472967
"2","Bare areas",-6.16844155908321
"3","Forest",-6.16956580011445
"4","Grassland",-6.16799259284343
"5","Open water",-6.16703027472967
"6","Shurbs",-6.16763571810788
"7","Sparsely vegetated areas",-6.16956580011445
"8","Undefined",-6.16848829874882
"9","Urban",-6.16753740468194
"10","Wetlands",-6.16789228284006
