"","LandUse_collapsed","y"
"1","Agriculture",-4.66516022957196
"2","Bare areas",-4.65726553922881
"3","Forest",-4.67211644687655
"4","Grassland",-4.64566199539728
"5","Open water",-4.65272536289226
"6","Shurbs",-4.65361257324972
"7","Sparsely vegetated areas",-4.66065448283898
"8","Undefined",-4.66794602442435
"9","Urban",-4.65286714020539
"10","Wetlands",-4.63822263336539
