"","LandUse_collapsed","y"
"1","Agriculture",-5.05601585977095
"2","Bare areas",-5.05376398226606
"3","Forest",-5.0523805885393
"4","Grassland",-5.05184971107842
"5","Open water",-5.04794998994517
"6","Shurbs",-5.05314897960892
"7","Sparsely vegetated areas",-5.05279126544592
"8","Undefined",-5.05297094413848
"9","Urban",-5.04957024825297
"10","Wetlands",-5.04789186832067
