"","LandUse_collapsed","y"
"1","Agriculture",-4.92346388159702
"2","Bare areas",-4.92412779881047
"3","Forest",-4.9226328546256
"4","Grassland",-4.89721577270243
"5","Open water",-4.90633238669202
"6","Shurbs",-4.92328931121983
"7","Sparsely vegetated areas",-4.91739211301522
"8","Undefined",-4.92315180549232
"9","Urban",-4.91827676005715
"10","Wetlands",-4.90601644408542
