"","LandUse_collapsed","y"
"1","Agriculture",-5.4015080735482
"2","Bare areas",-5.40443802965486
"3","Forest",-5.40977681564193
"4","Grassland",-5.4026322133812
"5","Open water",-5.40130624346047
"6","Shurbs",-5.40548870570304
"7","Sparsely vegetated areas",-5.40521880640663
"8","Undefined",-5.40196453290029
"9","Urban",-5.40702710442786
"10","Wetlands",-5.40255987568809
