"","LandUse_collapsed","y"
"1","Agriculture",-4.69303821793671
"2","Bare areas",-4.69496753094362
"3","Forest",-4.68796149675686
"4","Grassland",-4.65447813908673
"5","Open water",-4.67428834526946
"6","Shurbs",-4.67312825899009
"7","Sparsely vegetated areas",-4.69074021578523
"8","Undefined",-4.69678449266984
"9","Urban",-4.67697851480763
"10","Wetlands",-4.67136719042539
