"","LandUse_collapsed","y"
"1","Agriculture",-6.65739274716798
"2","Bare areas",-6.65553115350307
"3","Forest",-6.66594468711704
"4","Grassland",-6.56125279574122
"5","Open water",-6.61593756466344
"6","Shurbs",-6.65992647094835
"7","Sparsely vegetated areas",-6.66079520514489
"8","Undefined",-6.66089863145276
"9","Urban",-6.65739274716798
"10","Wetlands",-6.61690062585174
