"","LandUse_collapsed","y"
"1","Agriculture",-6.40801443741984
"2","Bare areas",-6.40579473188122
"3","Forest",-6.40820871976003
"4","Grassland",-6.40539944675799
"5","Open water",-6.35778523567055
"6","Shurbs",-6.40564886865737
"7","Sparsely vegetated areas",-6.40564886865737
"8","Undefined",-6.40766757141295
"9","Urban",-5.57601271860634
"10","Wetlands",-6.40021551048256
