"","LandUse_collapsed","y"
"1","Agriculture",-6.84184418049561
"2","Bare areas",-6.85922495294075
"3","Forest",-6.86266153084808
"4","Grassland",-6.79778559113584
"5","Open water",-6.82694034837086
"6","Shurbs",-6.83970508372216
"7","Sparsely vegetated areas",-6.83569228831521
"8","Undefined",-6.86201425282958
"9","Urban",-6.84077694848752
"10","Wetlands",-6.79039107091322
