"","LandUse_collapsed","y"
"1","Agriculture",-5.74818460587779
"2","Bare areas",-5.74813234175092
"3","Forest",-5.75509315087517
"4","Grassland",-5.75135633624677
"5","Open water",-5.75008330843194
"6","Shurbs",-5.75457550771423
"7","Sparsely vegetated areas",-5.75247444901083
"8","Undefined",-5.75561390653081
"9","Urban",-5.75149020436653
"10","Wetlands",-5.74293105509789
