"","Population.trend","y"
"1","decreasing",-5.40245516129179
"2","increasing",-5.38959054011008
"3","stable",-5.39037505732659
"4","unknown",-5.41933141039643
