"","Population.trend","y"
"1","0",-6.66033987120903
"2","decreasing",-6.66215144396826
"3","increasing",-6.65908730536504
"4","stable",-6.66229763853251
"5","unknown",-6.6540339119397
