"","Population.trend","y"
"1","0",-4.93676155535992
"2","decreasing",-4.94632038479062
"3","increasing",-4.59546551228854
"4","stable",-4.94414594801542
"5","unknown",-4.94720960220588
