"","Population.trend","y"
"1","0",-4.6799383038627
"2","decreasing",-4.69486179592105
"3","increasing",-4.36908698141558
"4","stable",-4.68265784346528
"5","unknown",-4.693264410153
