"","Population.trend","y"
"1","0",-6.85152136765904
"2","decreasing",-6.8547330420942
"3","increasing",-6.85488250007134
"4","stable",-6.85845541886478
"5","unknown",-6.85429524946308
