"","Population.trend","y"
"1","0",-6.16537327612182
"2","decreasing",-6.16537327612182
"3","increasing",-6.16836541022819
"4","stable",-6.16874118515835
"5","unknown",-6.16941409081159
