"","Population.trend","y"
"1","0",-5.73639229774196
"2","decreasing",-5.76942560946346
"3","increasing",-5.54453496881568
"4","stable",-5.77246573363135
"5","unknown",-5.77195270935073
