"","Population.trend","y"
"1","0",-4.71383774365665
"2","decreasing",-4.73040631794019
"3","increasing",-4.36705423898353
"4","stable",-4.68808048209999
"5","unknown",-4.72587410183791
