"","Population.trend","y"
"1","0",-6.38303932902426
"2","decreasing",-6.3899983240628
"3","increasing",-6.38599155206139
"4","stable",-6.38319056245414
"5","unknown",-6.39011046520338
