"","Population.trend","y"
"1","0",-5.05648098621452
"2","decreasing",-5.08889711234963
"3","increasing",-4.62467418678159
"4","stable",-5.07146602453299
"5","unknown",-5.08783471723634
